{
  "best_val_nll": 3.046651542186737,
  "best_val_ppl": 21.044758824928593,
  "final_step": {
    "step": 300,
    "train_loss": 2.742397894859314,
    "val_nll": 3.046651542186737,
    "val_ppl": 21.044758824928593
  }
}