{
  "best_val_nll": 2.485458940267563,
  "best_val_ppl": 12.006629316240364,
  "final_step": {
    "step": 1200,
    "train_loss": 2.537967121601105,
    "val_nll": 2.485458940267563,
    "val_ppl": 12.006629316240364,
    "lr": 1.393912671243669e-09
  },
  "total_seconds": 27.44
}