{
  "best_val_nll": 3.1587935388088226,
  "best_val_ppl": 23.542176067004306,
  "final_step": {
    "step": 120,
    "train_loss": 3.2484190464019775,
    "val_nll": 3.235264390707016,
    "val_ppl": 25.413089875507698,
    "lr": 1.6312286872430803e-07
  },
  "total_seconds": 2.16
}