{
  "best_val_nll": 2.7546901226043703,
  "best_val_ppl": 15.716170062312708,
  "final_step": {
    "step": 1000,
    "train_loss": 2.517823405265808,
    "val_nll": 2.7547032237052917,
    "val_ppl": 15.71637596279155
  }
}