step,train_loss,val_nll,val_ppl,lr
1,4.333899974822998,4.32409942150116,75.4974908177829,8e-05
20,3.9252012848854063,3.854484111070633,47.20425850430962,0.0007868587418807829
40,3.574703133106232,3.447876363992691,31.433567921847693,0.0006704699601096077
60,3.3226200103759767,3.3253147304058075,27.807749209756043,0.0004682088770530496
80,3.256298542022705,3.211073338985443,24.805696862418962,0.00024429195747304345
100,3.230269956588745,3.1587935388088226,23.542176067004306,6.98112412148904e-05
120,3.2484190464019775,3.235264390707016,25.413089875507698,1.6312286872430803e-07
