step,train_loss,val_nll,val_ppl
1,4.3594970703125,4.414275717735291,82.62197759671001
50,3.732618250846863,3.5861656188964846,36.09540669567816
100,3.125455689430237,3.284570574760437,26.697517265195373
150,2.90398756980896,3.1322115778923036,22.924623110361683
200,2.8009588623046877,3.0753073573112486,21.65653718372612
250,2.751972208023071,3.0495730519294737,21.10633119120869
300,2.742397894859314,3.046651542186737,21.044758824928593
